{
    "weights": {
        "HeightDif": -0.022475967008910323,
        "ReachDif": -0.07252123627285696,
        "AgeDif": -0.01218315923203245,
        "LossDif": -0.11078761130986627,
        "SigStrDif": 0.020370457203550903,
        "AvgTDDif": 0.11386484683246868,
        "TotalRoundDif": 0.009965077940989957,
        "TotalTitleBoutDif": -0.000662048375753673,
        "WeightDif": 0.058328124475331526,
        "AvgSigStrPctDif": 0.02562540100984447,
        "AvgTDPctDif": 0.016102383336242396,
        "AvgSubAttDif": 0.063690060258511,
        "WinsDif": -0.005857457477778477,
        "OddsDif": -0.6311946871230492,
        "RankDif": -0.04273467754695628
    },
    "bias": 0.3301007105588364,
    "scaling_params": {
        "HeightDif": {
            "mean": -0.05650325545767905,
            "std_dev": 6.896598717488088
        },
        "ReachDif": {
            "mean": -0.34207008808885486,
            "std_dev": 9.36798255092139
        },
        "AgeDif": {
            "mean": 0.1794331673688242,
            "std_dev": 5.233368014392504
        },
        "LossDif": {
            "mean": 0.6844121026426656,
            "std_dev": 3.0147064259035834
        },
        "SigStrDif": {
            "mean": 2.6488771543469936,
            "std_dev": 19.75596302142256
        },
        "AvgTDDif": {
            "mean": 0.17700607047108388,
            "std_dev": 1.7624951938512698
        },
        "TotalRoundDif": {
            "mean": -5.411911145155113,
            "std_dev": 18.034059541540575
        },
        "TotalTitleBoutDif": {
            "mean": -0.2996936039831482,
            "std_dev": 1.7165013175707757
        },
        "WeightDif": {
            "mean": 0.4789352738414401,
            "std_dev": 9.294010200091813
        },
        "AvgSigStrPctDif": {
            "mean": 0.033940444274224435,
            "std_dev": 0.19102458954399007
        },
        "AvgTDPctDif": {
            "mean": 0.039260819609345084,
            "std_dev": 0.3151116247187314
        },
        "AvgSubAttDif": {
            "mean": 0.07782345844504021,
            "std_dev": 0.8942396331845781
        },
        "WinsDif": {
            "mean": 1.4446572194561471,
            "std_dev": 4.156860805154795
        },
        "OddsDif": {
            "mean": -167.26828801225585,
            "std_dev": 517.7756799566729
        },
        "RankDif": {
            "mean": -1.3747606281118345,
            "std_dev": 3.671643214324445
        }
    }
}